Model,MAE,MSE
Linear,0.34056619071329136,0.21572477649791047
ARIMA,3.0869976417022142,18.474026968046477
LSTM,5.940109143159011,56.40179928249839
